[
    {
        "name": "PMR Ch1",
        "frequency": 446006250,
        "modulation": "nfm"
    },
    {
        "name": "PMR Ch2",
        "frequency": 446018750,
        "modulation": "nfm"
    },
    {
        "name": "PMR Ch3",
        "frequency": 446031250,
        "modulation": "nfm"
    },
    {
        "name": "PMR Ch4",
        "frequency": 446043750,
        "modulation": "nfm"
    },
    {
        "name": "PMR Ch5",
        "frequency": 446056250,
        "modulation": "nfm"
    },
    {
        "name": "PMR Ch6",
        "frequency": 446068750,
        "modulation": "nfm"
    },
    {
        "name": "PMR Ch7",
        "frequency": 446081250,
        "modulation": "nfm"
    },
    {
        "name": "PMR Ch8",
        "frequency": 446093750,
        "modulation": "nfm"
    },
    {
        "name": "PMR Ch9",
        "frequency": 446106250,
        "modulation": "nfm"
    },
    {
        "name": "PMR Ch10",
        "frequency": 446118750,
        "modulation": "nfm"
    },
    {
        "name": "PMR Ch11",
        "frequency": 446131250,
        "modulation": "nfm"
    },
    {
        "name": "PMR Ch12",
        "frequency": 446143750,
        "modulation": "nfm"
    },
    {
        "name": "PMR Ch13",
        "frequency": 446156250,
        "modulation": "nfm"
    },
    {
        "name": "PMR Ch14",
        "frequency": 446168750,
        "modulation": "nfm"
    },
    {
        "name": "PMR Ch15",
        "frequency": 446181250,
        "modulation": "nfm"
    },
    {
        "name": "PMR Ch16",
        "frequency": 446193750,
        "modulation": "nfm"
    },
    {
        "name": "LPD Ch1",
        "frequency": 433075000,
        "modulation": "nfm"
    },
    {
        "name": "LPD Ch5",
        "frequency": 433175000,
        "modulation": "nfm"
    },
    {
        "name": "LPD Ch10",
        "frequency": 433300000,
        "modulation": "nfm"
    },
    {
        "name": "LPD Ch15",
        "frequency": 433425000,
        "modulation": "nfm"
    },
    {
        "name": "LPD Ch20",
        "frequency": 433550000,
        "modulation": "nfm"
    },
    {
        "name": "LPD Ch25",
        "frequency": 433675000,
        "modulation": "nfm"
    },
    {
        "name": "LPD Ch30",
        "frequency": 433800000,
        "modulation": "nfm"
    },
    {
        "name": "LPD Ch35",
        "frequency": 433925000,
        "modulation": "nfm"
    },
    {
        "name": "LPD Ch40",
        "frequency": 434050000,
        "modulation": "nfm"
    },
    {
        "name": "LPD Ch45",
        "frequency": 434175000,
        "modulation": "nfm"
    },
    {
        "name": "LPD Ch50",
        "frequency": 434300000,
        "modulation": "nfm"
    },
    {
        "name": "LPD Ch55",
        "frequency": 434425000,
        "modulation": "nfm"
    },
    {
        "name": "LPD Ch60",
        "frequency": 434550000,
        "modulation": "nfm"
    },
    {
        "name": "LPD Ch65",
        "frequency": 434675000,
        "modulation": "nfm"
    },
    {
        "name": "LPD Ch69",
        "frequency": 434775000,
        "modulation": "nfm"
    },
    {
        "name": "\u041a\u043e\u043d\u0442\u0440\u043e\u043b\u044c \u0412\u0441\u0435 \u044d\u0448\u0435\u043b\u043e\u043d\u044b",
        "frequency": 122000000,
        "modulation": "am"
    },
    {
        "name": "\u0412\u043d\u0443\u043a\u043e\u0432\u043e \u041f\u043e\u0434\u0445\u043e\u0434",
        "frequency": 122300000,
        "modulation": "am"
    },
    {
        "name": "\u041c\u043e\u0441\u043a\u0432\u0430 (\u0437\u0430\u043f\u0430\u0434, \u0441\u0437)",
        "frequency": 122700000,
        "modulation": "am"
    },
    {
        "name": "\u0412\u043d\u0443\u043a\u043e\u0432\u043e \u0418\u0414\u041f",
        "frequency": 122875000,
        "modulation": "am"
    },
    {
        "name": "\u041c\u043e\u0441\u043a\u0432\u0430 (\u044e\u0433)",
        "frequency": 123400000,
        "modulation": "am"
    },
    {
        "name": "\u0427\u043a\u0430\u043b\u043e\u0432\u0441\u043a\u0438\u0439 \u0421\u0442\u0430\u0440\u0442",
        "frequency": 123500000,
        "modulation": "am"
    },
    {
        "name": "\u0428\u0435\u0440\u0435\u043c\u0435\u0442\u044c\u0435\u0432\u043e \u041f\u043e\u0434\u0445\u043e\u0434",
        "frequency": 123700000,
        "modulation": "am"
    },
    {
        "name": "\u0416\u0443\u043a\u043e\u0432\u0441\u043a\u0438\u0439 \u0422\u0440\u0430\u043d\u0437\u0438\u0442",
        "frequency": 123900000,
        "modulation": "am"
    },
    {
        "name": "\u041c\u043e\u0441\u043a\u0432\u0430 \u041f\u043e\u0434\u0445\u043e\u0434",
        "frequency": 124000000,
        "modulation": "am"
    },
    {
        "name": "\u0416\u0443\u043a\u043e\u0432\u0441\u043a\u0438\u0439 \u041f\u043e\u0434\u0445\u043e\u0434",
        "frequency": 124250000,
        "modulation": "am"
    },
    {
        "name": "\u041c\u043e\u0441\u043a\u0432\u0430 \u041f\u043e\u0434\u0445\u043e\u0434",
        "frequency": 124400000,
        "modulation": "am"
    },
    {
        "name": "\u041a\u043e\u043d\u0442\u0440\u043e\u043b\u044c \u0412\u0441\u0435 \u044d\u0448\u0435\u043b\u043e\u043d\u044b",
        "frequency": 124500000,
        "modulation": "am"
    },
    {
        "name": "\u0411\u044b\u043a\u043e\u0432\u043e \u041c\u0435\u0442\u0435\u043e",
        "frequency": 124800000,
        "modulation": "am"
    },
    {
        "name": "\u041c\u043e\u0441\u043a\u0432\u0430 \u041a\u043e\u043d\u0442\u0440\u043e\u043b\u044c",
        "frequency": 125200000,
        "modulation": "am"
    },
    {
        "name": "\u0416\u0443\u043a\u043e\u0432\u0441\u043a\u0438\u0439 \u041f\u043e\u0441\u0430\u0434\u043a\u0430",
        "frequency": 125250000,
        "modulation": "am"
    },
    {
        "name": "\u041c\u043e\u0441\u043a\u0432\u0430 (\u0432\u043e\u0441\u0442\u043e\u043a, \u044e\u0432)",
        "frequency": 125300000,
        "modulation": "am"
    },
    {
        "name": "\u041c\u043e\u0441\u043a\u0432\u0430 \u041a\u043e\u043d\u0442\u0440\u043e\u043b\u044c",
        "frequency": 125500000,
        "modulation": "am"
    },
    {
        "name": "\u0412\u043d\u0443\u043a\u043e\u0432\u043e \u0410\u0422\u0418\u0421",
        "frequency": 125875000,
        "modulation": "am"
    },
    {
        "name": "\u0412\u043d\u0443\u043a\u043e\u0432\u043e \u041a\u0440\u0443\u0433",
        "frequency": 126000000,
        "modulation": "am"
    },
    {
        "name": "\u041c\u043e\u0441\u043a\u0432\u0430 (\u0437\u0430\u043f\u0430\u0434)",
        "frequency": 127200000,
        "modulation": "am"
    },
    {
        "name": "\u0411\u044b\u043a\u043e\u0432\u043e (\u044e\u0433)",
        "frequency": 127300000,
        "modulation": "am"
    },
    {
        "name": "\u0410\u044d\u0440\u043e\u0434\u0440\u043e\u043c \u0427\u043a\u0430\u043b\u043e\u0432\u0441\u043a\u0438\u0439",
        "frequency": 127425000,
        "modulation": "am"
    },
    {
        "name": "\u041a\u043e\u043d\u0442\u0440\u043e\u043b\u044c \u0412\u0441\u0435 \u044d\u0448\u0435\u043b\u043e\u043d\u044b",
        "frequency": 127500000,
        "modulation": "am"
    },
    {
        "name": "\u041e\u0441\u0442\u0430\u0444\u044c\u0435\u0432\u043e \u0410\u0422\u0418\u0421",
        "frequency": 127600000,
        "modulation": "am"
    },
    {
        "name": "\u0414\u043e\u043c\u043e\u0434\u0435\u0434\u043e\u0432\u043e \u041a\u0440\u0443\u0433",
        "frequency": 127700000,
        "modulation": "am"
    },
    {
        "name": "\u0412\u043d\u0443\u043a\u043e\u0432\u043e \u0412\u043e\u043b\u043c\u0435\u0442 (eng)",
        "frequency": 127875000,
        "modulation": "am"
    },
    {
        "name": "\u041c\u043e\u0441\u043a\u0432\u0430 (\u044e\u0433)",
        "frequency": 128000000,
        "modulation": "am"
    },
    {
        "name": "\u0412\u043d\u0443\u043a\u043e\u0432\u043e \u0412\u043e\u043b\u043c\u0435\u0442 (rus)",
        "frequency": 128125000,
        "modulation": "am"
    },
    {
        "name": "\u0414\u043e\u043c\u043e\u0434\u0435\u0434\u043e\u0432\u043e \u0410\u0422\u0418\u0421",
        "frequency": 128300000,
        "modulation": "am"
    },
    {
        "name": "\u041a\u043e\u043d\u0442\u0440\u043e\u043b\u044c \u0412\u043d\u0435 \u0442\u0440\u0430\u0441\u0441",
        "frequency": 128500000,
        "modulation": "am"
    },
    {
        "name": "\u0420\u0430\u0437\u0433\u043e\u043d \u043e\u0431\u043b\u0430\u043a\u043e\u0432",
        "frequency": 128625000,
        "modulation": "am"
    },
    {
        "name": "\u0411\u044b\u043a\u043e\u0432\u043e \u041a\u0440\u0443\u0433",
        "frequency": 128699999,
        "modulation": "am"
    },
    {
        "name": "\u041c\u043e\u0441\u043a\u0432\u0430 (\u044e\u0433)",
        "frequency": 128800000,
        "modulation": "am"
    },
    {
        "name": "\u041c\u043e\u0441\u043a\u0432\u0430 (\u0432\u043e\u0441\u0442\u043e\u043a)",
        "frequency": 131199999,
        "modulation": "am"
    },
    {
        "name": "\u0428\u0435\u0440\u0435\u043c\u0435\u0442\u044c\u0435\u0432\u043e \u041f\u043e\u0441\u0430\u0434\u043a\u0430",
        "frequency": 131500000,
        "modulation": "am"
    },
    {
        "name": "\u041a\u0430\u043d\u0430\u043b ACARS",
        "frequency": 131550000,
        "modulation": "am"
    },
    {
        "name": "\u0410\u044d\u0440\u043e\u0444\u043b\u043e\u0442 \u041a\u043e\u043d\u0442\u0440\u043e\u043b\u044c",
        "frequency": 131600000,
        "modulation": "am"
    },
    {
        "name": "\u0410\u044d\u0440\u043e\u0444\u043b\u043e\u0442 \u041a\u043e\u043d\u0442\u0440\u043e\u043b\u044c",
        "frequency": 131675000,
        "modulation": "am"
    },
    {
        "name": "\u0411\u044b\u043a\u043e\u0432\u043e \u0422\u0440\u0430\u043d\u0437\u0438\u0442",
        "frequency": 131699999,
        "modulation": "am"
    },
    {
        "name": "\u041a\u0430\u043d\u0430\u043b ACARS",
        "frequency": 131725000,
        "modulation": "am"
    },
    {
        "name": "\u0414\u043e\u043c\u043e\u0434\u0435\u0434\u043e\u0432\u043e \u0422\u0440\u0430\u043d\u0437\u0438\u0442",
        "frequency": 131775000,
        "modulation": "am"
    },
    {
        "name": "\u0412\u043d\u0443\u043a\u043e\u0432\u043e \u0422\u0440\u0430\u043d\u0437\u0438\u0442",
        "frequency": 131800000,
        "modulation": "am"
    },
    {
        "name": "\u041a\u0430\u043d\u0430\u043b ACARS",
        "frequency": 131824999,
        "modulation": "am"
    },
    {
        "name": "\u0412\u043d\u0443\u043a\u043e\u0432\u043e \u0410\u0422\u0418\u0421 (eng)",
        "frequency": 131850000,
        "modulation": "am"
    },
    {
        "name": "\u0412\u043d\u0443\u043a\u043e\u0432\u043e \u0422\u0440\u0430\u043d\u0437\u0438\u0442",
        "frequency": 131875000,
        "modulation": "am"
    },
    {
        "name": "\u0414\u043e\u043c\u043e\u0434\u0435\u0434\u043e\u0432\u043e \u0422\u0440\u0430\u043d\u0437\u0438\u0442",
        "frequency": 131900000,
        "modulation": "am"
    },
    {
        "name": "\u041a\u0430\u043b\u0443\u0433\u0430 \u0422\u0440\u0430\u043d\u0437\u0438\u0442",
        "frequency": 131949998,
        "modulation": "am"
    },
    {
        "name": "\u0414\u043e\u043c\u043e\u0434\u0435\u0434\u043e\u0432\u043e \u0412\u044b\u043b\u0435\u0442",
        "frequency": 132050000,
        "modulation": "am"
    },
    {
        "name": "\u041a\u043e\u043d\u0442\u0440\u043e\u043b\u044c \u0412\u0441\u0435 \u044d\u0448\u0435\u043b\u043e\u043d\u044b",
        "frequency": 132199999,
        "modulation": "am"
    },
    {
        "name": "\u041c\u043e\u0441\u043a\u0432\u0430 \u041a\u043e\u043d\u0442\u0440\u043e\u043b\u044c",
        "frequency": 132425000,
        "modulation": "am"
    },
    {
        "name": "\u0410\u044d\u0440\u043e\u0434\u0440\u043e\u043c \u0421\u0442\u0443\u043f\u0438\u043d\u043e",
        "frequency": 132600000,
        "modulation": "am"
    },
    {
        "name": "\u041c\u043e\u0441\u043a\u0432\u0430 \u041a\u043e\u043d\u0442\u0440\u043e\u043b\u044c",
        "frequency": 132725000,
        "modulation": "am"
    },
    {
        "name": "\u041a\u043e\u043d\u0442\u0440\u043e\u043b\u044c \u0412\u0441\u0435 \u044d\u0448\u0435\u043b\u043e\u043d\u044b",
        "frequency": 133199999,
        "modulation": "am"
    },
    {
        "name": "\u0410\u044d\u0440\u043e\u0434\u0440\u043e\u043c \u0427\u043a\u0430\u043b\u043e\u0432\u0441\u043a\u0438\u0439",
        "frequency": 133500000,
        "modulation": "am"
    },
    {
        "name": "\u041a\u043e\u043d\u0442\u0440\u043e\u043b\u044c \u0412\u0441\u0435 \u044d\u0448\u0435\u043b\u043e\u043d\u044b",
        "frequency": 133699999,
        "modulation": "am"
    },
    {
        "name": "\u041c\u043e\u0441\u043a\u0432\u0430 (\u044e\u0433)",
        "frequency": 134000000,
        "modulation": "am"
    },
    {
        "name": "\u041c\u043e\u0441\u043a\u0432\u0430 \u041a\u043e\u043d\u0442\u0440\u043e\u043b\u044c",
        "frequency": 134199999,
        "modulation": "am"
    },
    {
        "name": "\u041c\u043e\u0441\u043a\u0432\u0430 \u041a\u043e\u043d\u0442\u0440\u043e\u043b\u044c",
        "frequency": 134700000,
        "modulation": "am"
    },
    {
        "name": "CB Ch1",
        "frequency": 26965000,
        "modulation": "nfm"
    },
    {
        "name": "CB Ch5",
        "frequency": 27015000,
        "modulation": "nfm"
    },
    {
        "name": "CB Ch10",
        "frequency": 27075000,
        "modulation": "nfm"
    },
    {
        "name": "CB CQ Ch15",
        "frequency": 27135000,
        "modulation": "am"
    },
    {
        "name": "CB CQ Ch20",
        "frequency": 27200000,
        "modulation": "nfm"
    },
    {
        "name": "CB CQ Ch22",
        "frequency": 27220000,
        "modulation": "nfm"
    },
    {
        "name": "CB Ch25",
        "frequency": 27245000,
        "modulation": "am"
    },
    {
        "name": "CB Ch30",
        "frequency": 27305000,
        "modulation": "am"
    },
    {
        "name": "CB Ch35",
        "frequency": 27355000,
        "modulation": "am"
    },
    {
        "name": "CB Ch40",
        "frequency": 27405000,
        "modulation": "am"
    },
    {
        "name": "HAM 490",
        "frequency": 28490000,
        "modulation": "usb"
    },
    {
        "name": "HAM 510",
        "frequency": 28510000,
        "modulation": "usb"
    },
    {
        "name": "HAM 575",
        "frequency": 28575000,
        "modulation": "usb"
    },
    {
        "name": "HAM 600",
        "frequency": 28600000,
        "modulation": "usb"
    },
    {
        "name": "HAM 375",
        "frequency": 145375000,
        "modulation": "nfm"
    },
    {
        "name": "HAM 400",
        "frequency": 145400000,
        "modulation": "nfm"
    },
    {
        "name": "HAM 425",
        "frequency": 145425000,
        "modulation": "nfm"
    },
    {
        "name": "HAM 450",
        "frequency": 145450000,
        "modulation": "nfm"
    },
    {
        "name": "HAM 475",
        "frequency": 145475000,
        "modulation": "nfm"
    },
    {
        "name": "CQ HAM 500",
        "frequency": 145500000,
        "modulation": "nfm"
    },
    {
        "name": "HAM 525",
        "frequency": 145525000,
        "modulation": "nfm"
    },
    {
        "name": "HAM 550",
        "frequency": 145550000,
        "modulation": "nfm"
    },
    {
        "name": "HAM 575",
        "frequency": 145575000,
        "modulation": "nfm"
    },
    {
        "name": "\u0420\u0416\u0414",
        "frequency": 152200000,
        "modulation": "nfm"
    },
    {
        "name": "\u0420\u0416\u0414",
        "frequency": 152500000,
        "modulation": "nfm"
    },
    {
        "name": "\u0420\u0416\u0414",
        "frequency": 152650000,
        "modulation": "nfm"
    },
    {
        "name": "\u0420\u0416\u0414",
        "frequency": 152750000,
        "modulation": "nfm"
    },
    {
        "name": "\u0420\u0416\u0414",
        "frequency": 154075000,
        "modulation": "nfm"
    },
    {
        "name": "\u0420\u0416\u0414",
        "frequency": 154750000,
        "modulation": "nfm"
    },
    {
        "name": "\u0420\u0416\u0414",
        "frequency": 155050000,
        "modulation": "nfm"
    },
    {
        "name": "\u0420\u0416\u0414",
        "frequency": 155100000,
        "modulation": "nfm"
    },
    {
        "name": "\u0420\u0416\u0414",
        "frequency": 155150000,
        "modulation": "nfm"
    },
    {
        "name": "\u0420\u0416\u0414",
        "frequency": 155600000,
        "modulation": "nfm"
    },
    {
        "name": "\u0420\u0416\u0414",
        "frequency": 155775000,
        "modulation": "nfm"
    },
    {
        "name": "HAM",
        "frequency": 439125000,
        "modulation": "nfm"
    },
    {
        "name": "HAM",
        "frequency": 439200000,
        "modulation": "nfm"
    },
    {
        "name": "HAM",
        "frequency": 439300000,
        "modulation": "nfm"
    },
    {
        "name": "HAM",
        "frequency": 439400000,
        "modulation": "nfm"
    },
    {
        "name": "HAM",
        "frequency": 439500000,
        "modulation": "nfm"
    },
    {
        "name": "HAM",
        "frequency": 439600000,
        "modulation": "nfm"
    },
    {
        "name": "\u041c\u0427\u0421",
        "frequency": 439750000,
        "modulation": "nfm"
    },
    {
        "name": "\u041c\u0427\u0421",
        "frequency": 439837500,
        "modulation": "nfm"
    },
    {
        "name": "\u041c\u0427\u0421",
        "frequency": 439912500,
        "modulation": "nfm"
    },
    {
        "name": "DMR",
        "frequency": 440087000,
        "modulation": "dmr"
    },
    {
        "name": "DMR",
        "frequency": 440262250,
        "modulation": "dmr"
    },
    {
        "name": "DMR",
        "frequency": 440712500,
        "modulation": "dmr"
    },
    {
        "name": "DMR",
        "frequency": 441025000,
        "modulation": "dmr"
    },
    {
        "name": "\u041c\u0427\u0421",
        "frequency": 441050000,
        "modulation": "nfm"
    },
    {
        "name": "\u041c\u0427\u0421",
        "frequency": 441062500,
        "modulation": "nfm"
    },
    {
        "name": "NFM",
        "frequency": 441100000,
        "modulation": "nfm"
    },
    {
        "name": "NFM",
        "frequency": 441150000,
        "modulation": "nfm"
    },
    {
        "name": "LPD Ch2",
        "frequency": 433100000,
        "modulation": "nfm"
    },
    {
        "name": "LPD Ch3",
        "frequency": 433125000,
        "modulation": "nfm"
    },
    {
        "name": "LPD Ch4",
        "frequency": 433150000,
        "modulation": "nfm"
    },
    {
        "name": "LPD Ch6",
        "frequency": 433200000,
        "modulation": "nfm"
    },
    {
        "name": "LPD Ch7",
        "frequency": 433225000,
        "modulation": "nfm"
    },
    {
        "name": "LPD Ch8",
        "frequency": 433250000,
        "modulation": "nfm"
    },
    {
        "name": "LPD Ch9",
        "frequency": 433275000,
        "modulation": "nfm"
    },
    {
        "name": "LPD Ch11",
        "frequency": 433325000,
        "modulation": "nfm"
    },
    {
        "name": "LPD Ch12",
        "frequency": 433350000,
        "modulation": "nfm"
    },
    {
        "name": "LPD Ch13",
        "frequency": 433375000,
        "modulation": "nfm"
    },
    {
        "name": "LPD Ch14",
        "frequency": 433400000,
        "modulation": "nfm"
    },
    {
        "name": "LPD Ch16",
        "frequency": 433450000,
        "modulation": "nfm"
    },
    {
        "name": "LPD Ch17",
        "frequency": 433475000,
        "modulation": "nfm"
    },
    {
        "name": "LPD Ch18",
        "frequency": 433500000,
        "modulation": "nfm"
    },
    {
        "name": "LPD Ch19",
        "frequency": 433525000,
        "modulation": "nfm"
    },
    {
        "name": "HAM",
        "frequency": 438050000,
        "modulation": "dmr"
    },
    {
        "name": "MPT1327",
        "frequency": 435800000,
        "modulation": "nfm"
    },
    {
        "name": "LPD Ch21",
        "frequency": 433575000,
        "modulation": "nfm"
    },
    {
        "name": "LPD Ch22",
        "frequency": 433600000,
        "modulation": "nfm"
    },
    {
        "name": "LPD Ch23",
        "frequency": 433625000,
        "modulation": "nfm"
    },
    {
        "name": "LPD Ch24",
        "frequency": 433650000,
        "modulation": "nfm"
    },
    {
        "name": "LPD Ch26",
        "frequency": 433700000,
        "modulation": "nfm"
    },
    {
        "name": "LPD Ch27",
        "frequency": 433725000,
        "modulation": "nfm"
    },
    {
        "name": "LPD Ch28",
        "frequency": 433750000,
        "modulation": "nfm"
    },
    {
        "name": "LPD Ch29",
        "frequency": 433775000,
        "modulation": "nfm"
    },
    {
        "name": "LPD Ch31",
        "frequency": 433825000,
        "modulation": "nfm"
    },
    {
        "name": "LPD Ch32",
        "frequency": 433850000,
        "modulation": "nfm"
    },
    {
        "name": "LPD Ch33",
        "frequency": 433875000,
        "modulation": "nfm"
    },
    {
        "name": "LPD Ch34",
        "frequency": 433900000,
        "modulation": "nfm"
    },
    {
        "name": "LPD Ch36",
        "frequency": 433950000,
        "modulation": "nfm"
    },
    {
        "name": "LPD Ch37",
        "frequency": 433975000,
        "modulation": "nfm"
    },
    {
        "name": "LPD Ch38",
        "frequency": 434000000,
        "modulation": "nfm"
    },
    {
        "name": "LPD Ch39",
        "frequency": 434025000,
        "modulation": "nfm"
    },
    {
        "name": "LPD Ch41",
        "frequency": 434075000,
        "modulation": "nfm"
    },
    {
        "name": "LPD Ch42",
        "frequency": 434100000,
        "modulation": "nfm"
    },
    {
        "name": "LPD Ch43",
        "frequency": 434125000,
        "modulation": "nfm"
    },
    {
        "name": "LPD Ch44",
        "frequency": 434150000,
        "modulation": "nfm"
    },
    {
        "name": "LPD Ch46",
        "frequency": 434200000,
        "modulation": "nfm"
    },
    {
        "name": "LPD Ch47",
        "frequency": 434225000,
        "modulation": "nfm"
    },
    {
        "name": "LPD Ch48",
        "frequency": 434250000,
        "modulation": "nfm"
    },
    {
        "name": "LPD Ch49",
        "frequency": 434275000,
        "modulation": "nfm"
    },
    {
        "name": "LPD Ch51",
        "frequency": 434325000,
        "modulation": "nfm"
    },
    {
        "name": "LPD Ch52",
        "frequency": 434350000,
        "modulation": "nfm"
    },
    {
        "name": "LPD Ch53",
        "frequency": 434375000,
        "modulation": "nfm"
    },
    {
        "name": "LPD Ch54",
        "frequency": 434400000,
        "modulation": "nfm"
    },
    {
        "name": "LPD Ch56",
        "frequency": 434450000,
        "modulation": "nfm"
    },
    {
        "name": "LPD Ch57",
        "frequency": 434475000,
        "modulation": "nfm"
    },
    {
        "name": "LPD Ch58",
        "frequency": 434500000,
        "modulation": "nfm"
    },
    {
        "name": "LPD Ch59",
        "frequency": 434525000,
        "modulation": "nfm"
    },
    {
        "name": "LPD Ch61",
        "frequency": 434575000,
        "modulation": "nfm"
    },
    {
        "name": "LPD Ch62",
        "frequency": 434600000,
        "modulation": "nfm"
    },
    {
        "name": "LPD Ch63",
        "frequency": 434625000,
        "modulation": "nfm"
    },
    {
        "name": "LPD Ch64",
        "frequency": 434650000,
        "modulation": "nfm"
    },
    {
        "name": "LPD Ch66",
        "frequency": 434700000,
        "modulation": "nfm"
    },
    {
        "name": "LPD Ch67",
        "frequency": 434725000,
        "modulation": "nfm"
    },
    {
        "name": "LPD Ch68",
        "frequency": 434750000,
        "modulation": "nfm"
    },
    {
        "name": "HAM",
        "frequency": 438050000,
        "modulation": "dmr"
    },
    {
        "name": "MPT1327",
        "frequency": 435800000,
        "modulation": "nfm"
    }
]